ind	loc	latitude	longitude	pop	Bio01	Bio02	Bio03	Bio04	Bio05	Bio06	Bio07	Bio08	Bio09	Bio10	Bio11	Bio12	Bio13	Bio14	Bio15	Bio16	Bio17	Bio18	Bio19
KA17BG005	KABG	49.0171	8.405	GER	10.708333403803408	8.099999922638139	30.681817777945746	679.9927713057962	23	-3.4000000953674316	26.40000009536743	17.566666920979817	6.566666742165883	19.233333587646484	2.5000000235935054	791	85	53	16.695193109274907	243	166	215	188
Cala2	Canterbury	51.3	1.07	ENG	10.204166798541943	6.858333609998226	35.35223373451754	471.94212024853914	19.700000762939453	0.30000001192092896	19.400000751018524	8.049999992052713	6.350000073512395	16.18333355585734	4.866666629910469	632	70	38	20.586529535411128	201	127	152	160
Ey_1	Eyach	48.4461	8.7808	GER	8.708333402872086	9.283333480358124	34.12990154399868	668.8247323536085	21.700000762939453	-5.5	27.200000762939453	15.416666905085245	1.783333381017049	17.10000006357829	0.7166666984558105	809	91	53	17.265698278883974	254	167	237	183
Noks1	Nottingham	52.93	-1.18	ENG	9.891666562606892	7.383333144088586	36.9166650053114	470.82052845575674	19.600000381469727	-0.4000000059604645	20.00000038743019	5.433333267768224	6.233333205183347	15.899999936421713	4.466666663686435	598	58	42	10.538272649844087	164	134	153	153
PA0068_1	P0011	39.3948	-5.7829	ESP	15.179166683306297	11.541666887700558	38.0913103324652	681.1202476428269	29.899999618530273	-0.4000000059604645	30.299999624490738	8.483333523074785	24.166666348775227	24.166666348775227	7.6666668603817625	597	87	6	53.45101022597358	244	41	41	230
PA0070_1	P0011	39.3948	-5.7829	ESP	15.179166683306297	11.541666887700558	38.0913103324652	681.1202476428269	29.899999618530273	-0.4000000059604645	30.299999624490738	8.483333523074785	24.166666348775227	24.166666348775227	7.6666668603817625	597	87	6	53.45101022597358	244	41	41	230
PA0071_1	P0011	39.3948	-5.7829	ESP	15.179166683306297	11.541666887700558	38.0913103324652	681.1202476428269	29.899999618530273	-0.4000000059604645	30.299999624490738	8.483333523074785	24.166666348775227	24.166666348775227	7.6666668603817625	597	87	6	53.45101022597358	244	41	41	230
PA01032_1	P0134	51.2548	1.0203	ENG	10.095833282917738	7.208333211640517	36.77721170063481	475.60227228963834	19.799999237060547	0.20000000298023224	19.599999234080315	7.733333388964335	6.316666774451733	16.133333047231037	4.733333453536034	648	71	39	20.961128203587773	207	131	144	167
PA0129_1	P0020	38.7602	16.2352	ITA	16.787500023841858	8.508333285649618	35.45138728149518	563.6856236713019	28.700000762939453	4.699999809265137	24.000000953674316	14.699999888737997	23.583333333333332	23.983333587646484	10.266666650772095	919	131	16	58.84992727853539	387	58	94	350
PA0133_1	P0021	38.9697	16.3407	ITA	15.620833496252695	8.425000150998434	34.8140497991514	580.2133580622144	27.600000381469727	3.4000000953674316	24.200000286102295	13.400000015894571	22.816666920979817	22.96666685740153	8.950000127156576	1014	146	22	55.96841472121752	420	72	102	376
PA0136_1	P0021	38.9697	16.3407	ITA	15.620833496252695	8.425000150998434	34.8140497991514	580.2133580622144	27.600000381469727	3.4000000953674316	24.200000286102295	13.400000015894571	22.816666920979817	22.96666685740153	8.950000127156576	1014	146	22	55.96841472121752	420	72	102	376
PA0140_1	P0021	38.9697	16.3407	ITA	15.620833496252695	8.425000150998434	34.8140497991514	580.2133580622144	27.600000381469727	3.4000000953674316	24.200000286102295	13.400000015894571	22.816666920979817	22.96666685740153	8.950000127156576	1014	146	22	55.96841472121752	420	72	102	376
PA0147_1	P0022	39.1292	16.1678	ITA	14.608333359162012	7.4333333770434065	31.90271940103794	587.83823463976	26.299999237060547	3	23.299999237060547	12.100000143051147	21.833333333333332	21.950000127156574	7.733333309491475	1000	138	20	51.71456893608601	400	77	110	366
PA0156_1	P0023	39.2697	16.2709	ITA	14.683333277702332	8.599999825159708	33.59375038077513	624.744788724365	27.299999237060547	1.7000000476837158	25.59999918937683	11.650000015894571	22.349999745686848	22.483333269755047	7.283333381017049	943	136	16	56.785040235835666	398	65	96	355
PA0157_3	P0023	39.2697	16.2709	ITA	14.683333277702332	8.599999825159708	33.59375038077513	624.744788724365	27.299999237060547	1.7000000476837158	25.59999918937683	11.650000015894571	22.349999745686848	22.483333269755047	7.283333381017049	943	136	16	56.785040235835666	398	65	96	355
PA0162_1F	P0024	39.4833	16.2784	ITA	15.945833325386047	10.041666587193808	36.648418711665805	642.8221195339808	29.399999618530273	2	27.399999618530273	12.883333285649618	24.03333346048991	24.03333346048991	8.466666539510092	875	131	12	58.316334732183556	380	57	57	322
PA0162_3	P0024	39.4833	16.2784	ITA	15.945833325386047	10.041666587193808	36.648418711665805	642.8221195339808	29.399999618530273	2	27.399999618530273	12.883333285649618	24.03333346048991	24.03333346048991	8.466666539510092	875	131	12	58.316334732183556	380	57	57	322
PA0163_1	P0024	39.4833	16.2784	ITA	15.945833325386047	10.041666587193808	36.648418711665805	642.8221195339808	29.399999618530273	2	27.399999618530273	12.883333285649618	24.03333346048991	24.03333346048991	8.466666539510092	875	131	12	58.316334732183556	380	57	57	322
PA0164_1	P0024	39.4833	16.2784	ITA	15.945833325386047	10.041666587193808	36.648418711665805	642.8221195339808	29.399999618530273	2	27.399999618530273	12.883333285649618	24.03333346048991	24.03333346048991	8.466666539510092	875	131	12	58.316334732183556	380	57	57	322
PA0166-4	P0024	39.4833	16.2784	ITA	15.945833325386047	10.041666587193808	36.648418711665805	642.8221195339808	29.399999618530273	2	27.399999618530273	12.883333285649618	24.03333346048991	24.03333346048991	8.466666539510092	875	131	12	58.316334732183556	380	57	57	322
PA0168_1P	P0024	39.4833	16.2784	ITA	15.945833325386047	10.041666587193808	36.648418711665805	642.8221195339808	29.399999618530273	2	27.399999618530273	12.883333285649618	24.03333346048991	24.03333346048991	8.466666539510092	875	131	12	58.316334732183556	380	57	57	322
PA0211_1	P0055	41.7287	2.9077	ESP	15.324999928474426	8.450000047683716	37.72321594403873	524.7661762383616	26.799999237060547	4.400000095367432	22.399999141693115	16.333333492279053	22.099999745686848	22.18333339691162	9.649999936421713	665	86	25	26.854666249193716	218	122	146	156
PA0257_1	P0030	41.1705	14.1752	ITA	15.220833361148834	10.441666801770529	38.961443359510426	612.9120276137269	28.5	1.7000000476837158	26.799999952316284	12.200000047683716	22.883333206176758	22.883333206176758	8.116666793823242	896	133	23	43.981520123467405	347	100	100	276
PA0320_1	P0067	44.9994	1.3007	FRS	11.954166640837988	9.125000178813934	37.86307124392811	551.6275820726404	23.5	-0.6000000238418579	24.100000023841858	8.81666668256124	18.883333206176758	18.883333206176758	5.53333322207133	932	92	57	13.180870324401324	257	199	199	242
PA0325_1	P0068	45.0006	1.7492	FRS	12.324999881287416	9.899999792377153	38.976377720709586	569.1321164780046	24.399999618530273	-1	25.399999618530273	14.516666173934937	19.25000015894572	19.483333269755047	5.64999986688296	795	82	52	12.571633106355613	221	181	182	193
PA0458_1	P0119	48.5294	9.0586	GES	9.416666657974323	8.533333398401737	32.201258107176365	668.4423339206822	22	-4.5	26.5	16.200000127156574	2.5666666676600776	17.733333428700764	1.2833332618077595	720	94	38	28.625649644097212	255	123	241	131
PA0459_1	P0119	48.5294	9.0586	GES	9.416666657974323	8.533333398401737	32.201258107176365	668.4423339206822	22	-4.5	26.5	16.200000127156574	2.5666666676600776	17.733333428700764	1.2833332618077595	720	94	38	28.625649644097212	255	123	241	131
PA0459_2	P0119	48.5294	9.0586	GES	9.416666657974323	8.533333398401737	32.201258107176365	668.4423339206822	22	-4.5	26.5	16.200000127156574	2.5666666676600776	17.733333428700764	1.2833332618077595	720	94	38	28.625649644097212	255	123	241	131
PA0466_1	P0073	50.2912	7.2644	GEN	8.820833445837101	7.791666743655999	31.545209732079805	628.7594626578303	20.5	-4.199999809265137	24.699999809265137	14.866667032241821	4.483333244919777	16.733333587646484	1.4166666964689891	706	68	48	10.199426985067678	191	154	185	175
PA0470_1	P0074	50.3884	8.066	GEN	9.662499953682223	8.658333441863457	32.42821594885825	644.9669658130261	22.299999237060547	-4.400000095367432	26.69999933242798	16.299999793370564	5.383333293100198	17.84999990463257	1.9666666090488434	642	68	43	14.22354610623073	188	136	176	154
PA0471_1	P0074	50.3884	8.066	GEN	9.662499953682223	8.658333441863457	32.42821594885825	644.9669658130261	22.299999237060547	-4.400000095367432	26.69999933242798	16.299999793370564	5.383333293100198	17.84999990463257	1.9666666090488434	642	68	43	14.22354610623073	188	136	176	154
PA0477_1	P0075	50.0905	8.5643	GEN	10.454166678711772	7.741666737943888	30.123216823268557	661.7760483742677	22.5	-3.200000047683716	25.700000047683716	17.14999993642171	3.7000000874201455	18.78333346048991	2.4833333417773247	600	63	38	15.325622288915993	181	124	171	134
PA0494_1	P0073	50.2912	7.2644	GEN	8.820833445837101	7.791666743655999	31.545209732079805	628.7594626578303	20.5	-4.199999809265137	24.699999809265137	14.866667032241821	4.483333244919777	16.733333587646484	1.4166666964689891	706	68	48	10.199426985067678	191	154	185	175
PA0495_1	P0074	50.3884	8.066	GEN	9.662499953682223	8.658333441863457	32.42821594885825	644.9669658130261	22.299999237060547	-4.400000095367432	26.69999933242798	16.299999793370564	5.383333293100198	17.84999990463257	1.9666666090488434	642	68	43	14.22354610623073	188	136	176	154
PA0495_2	P0074	50.3884	8.066	GEN	9.662499953682223	8.658333441863457	32.42821594885825	644.9669658130261	22.299999237060547	-4.400000095367432	26.69999933242798	16.299999793370564	5.383333293100198	17.84999990463257	1.9666666090488434	642	68	43	14.22354610623073	188	136	176	154
PA0660_1	P0153	48.8061	2.1652	FRN	10.825000012914339	7.616666863361995	33.553597917909144	561.5623512384627	21.600000381469727	-1.100000023841858	22.700000405311584	16.1833332379659	6.933333297570546	17.950000127156574	4.199999988079071	641	63	42	10.785581783157943	175	147	154	159
PA0661_1	P0153	48.8061	2.1652	FRN	10.825000012914339	7.616666863361995	33.553597917909144	561.5623512384627	21.600000381469727	-1.100000023841858	22.700000405311584	16.1833332379659	6.933333297570546	17.950000127156574	4.199999988079071	641	63	42	10.785581783157943	175	147	154	159
PA0681_1	P0119	48.5294	9.0586	GES	9.416666657974323	8.533333398401737	32.201258107176365	668.4423339206822	22	-4.5	26.5	16.200000127156574	2.5666666676600776	17.733333428700764	1.2833332618077595	720	94	38	28.625649644097212	255	123	241	131
PA0682_1	P0119	48.5294	9.0586	GES	9.416666657974323	8.533333398401737	32.201258107176365	668.4423339206822	22	-4.5	26.5	16.200000127156574	2.5666666676600776	17.733333428700764	1.2833332618077595	720	94	38	28.625649644097212	255	123	241	131
PA0695_1	P0079	48.3272	14.7151	CSA	7.441666667660077	8.233333180348078	30.158729914406216	698.3416532637873	19.899999618530273	-7.400000095367432	27.299999713897705	15.883333365122477	-1.25	15.883333365122477	-1.25	838	117	46	32.22600279851548	311	152	311	152
PA0708_1	P0171	41.8279	25.687	BAL	12.491666582102576	11.499999867131313	34.0236680539536	807.1775413281206	28.100000381469727	-5.699999809265137	33.80000019073486	7.833333392937978	21.66666618982951	22.433333079020183	2.5333333611488342	573	65	32	21.391439604732525	177	102	120	157
PA0711_1	P0171	41.8279	25.687	BAL	12.491666582102576	11.499999867131313	34.0236680539536	807.1775413281206	28.100000381469727	-5.699999809265137	33.80000019073486	7.833333392937978	21.66666618982951	22.433333079020183	2.5333333611488342	573	65	32	21.391439604732525	177	102	120	157
PA0724a_1	P0173	41.5379	24.9775	BAL	10.18333331743876	11.483333269755045	35.885417002718896	731.2763807344334	24.899999618530273	-7.099999904632568	31.999999523162842	2.733333468437195	18.63333336512248	19.11666663487752	1.3000000317891438	624	71	33	22.266767296920445	186	110	138	174
PA0733_1	P0175	41.6194	23.9374	BAL	8.816666673868895	11.083333271245161	36.102062997082676	711.5358892029416	23	-7.699999809265137	30.699999809265137	12.26666671037674	14.21666661898295	17.49999984105428	0.20000004768371582	591	64	33	19.109094120345606	183	113	151	145
PA0736_1	P0175	41.6194	23.9374	BAL	8.816666673868895	11.083333271245161	36.102062997082676	711.5358892029416	23	-7.699999809265137	30.699999809265137	12.26666671037674	14.21666661898295	17.49999984105428	0.20000004768371582	591	64	33	19.109094120345606	183	113	151	145
PA0736_2	P0175	41.6194	23.9374	BAL	8.816666673868895	11.083333271245161	36.102062997082676	711.5358892029416	23	-7.699999809265137	30.699999809265137	12.26666671037674	14.21666661898295	17.49999984105428	0.20000004768371582	591	64	33	19.109094120345606	183	113	151	145
PA0745_1	P0177	41.5869	23.5561	BAL	8.391666716895998	10.566666788732013	35.94104338250328	697.8858810340535	22	-7.400000095367432	29.40000009536743	11.816666732231775	13.733333428700766	16.8166667620341	-0.0666666825612386	608	67	37	19.077187387329797	194	124	159	137
PA0877_1	P0080	48.332	14.7157	CSA	7.441666667660077	8.233333180348078	30.158729914406216	698.3416532637873	19.899999618530273	-7.400000095367432	27.299999713897705	15.883333365122477	-1.25	15.883333365122477	-1.25	838	117	46	32.22600279851548	311	152	311	152
PA0878_1	P0080	48.332	14.7157	CSA	7.441666667660077	8.233333180348078	30.158729914406216	698.3416532637873	19.899999618530273	-7.400000095367432	27.299999713897705	15.883333365122477	-1.25	15.883333365122477	-1.25	838	117	46	32.22600279851548	311	152	311	152
PA0883_1	P0080	48.332	14.7157	CSA	7.441666667660077	8.233333180348078	30.158729914406216	698.3416532637873	19.899999618530273	-7.400000095367432	27.299999713897705	15.883333365122477	-1.25	15.883333365122477	-1.25	838	117	46	32.22600279851548	311	152	311	152
PA0884_1	P0080	48.332	14.7157	CSA	7.441666667660077	8.233333180348078	30.158729914406216	698.3416532637873	19.899999618530273	-7.400000095367432	27.299999713897705	15.883333365122477	-1.25	15.883333365122477	-1.25	838	117	46	32.22600279851548	311	152	311	152
PA0885_1	P0081	48.4264	15.57	CSA	8.979166780908903	7.391666501760483	26.68471679659762	728.0249187543764	22	-5.699999809265137	27.699999809265137	17.916666984558105	0.05000003178914388	17.916666984558105	0.05000003178914388	588	87	23	44.48493105433671	240	80	240	80
PA0891_1	P0082	49.2773	16.63	CSA	7.862499924997489	7.224999899665515	27.161654342427624	711.8641446509168	20.299999237060547	-6.300000190734863	26.59999942779541	15.116666555404663	0.38333334525426227	16.53333314259847	-0.9166667262713114	550	84	26	41.581809794424814	219	82	219	87
PA0892_1	P0082	49.2773	16.63	CSA	7.862499924997489	7.224999899665515	27.161654342427624	711.8641446509168	20.299999237060547	-6.300000190734863	26.59999942779541	15.116666555404663	0.38333334525426227	16.53333314259847	-0.9166667262713114	550	84	26	41.581809794424814	219	82	219	87
PA0900_1	P0084	49.4078	16.2766	CSA	7.375000054637591	8.066666533549627	28.70699843746176	725.9492269513102	20.5	-7.599999904632568	28.09999990463257	16.21666669845581	-0.21666669845581055	16.21666669845581	-1.5166666507720947	548	84	25	43.363887235129205	223	80	223	82
PA0901_1	P0084	49.4078	16.2766	CSA	7.375000054637591	8.066666533549627	28.70699843746176	725.9492269513102	20.5	-7.599999904632568	28.09999990463257	16.21666669845581	-0.21666669845581055	16.21666669845581	-1.5166666507720947	548	84	25	43.363887235129205	223	80	223	82
PA0918_1	P0087	49.9842	13.4172	CSA	7.237499917546908	7.858333180348079	28.472222258215368	717.1316723537774	20.299999237060547	-7.300000190734863	27.59999942779541	16.14999993642171	2.599999944368998	16.14999993642171	-1.3833333651224773	707	95	41	29.103730777705536	256	133	256	142
PA0919_1	P0087	49.9842	13.4172	CSA	7.237499917546908	7.858333180348079	28.472222258215368	717.1316723537774	20.299999237060547	-7.300000190734863	27.59999942779541	16.14999993642171	2.599999944368998	16.14999993642171	-1.3833333651224773	707	95	41	29.103730777705536	256	133	256	142
PA0920_1	P0087	49.9842	13.4172	CSA	7.237499917546908	7.858333180348079	28.472222258215368	717.1316723537774	20.299999237060547	-7.300000190734863	27.59999942779541	16.14999993642171	2.599999944368998	16.14999993642171	-1.3833333651224773	707	95	41	29.103730777705536	256	133	256	142
PA0944_1	P0092	51.5744	5.4674	BNE	9.90833344310522	8.216666892170906	35.724637550645156	555.6602753760002	20.700000762939453	-2.299999952316284	23.000000715255737	6.866666773955028	5.866666704416275	16.850000222524006	3.3166666428248086	762	73	44	13.279469021420367	211	159	194	191
PA1034_1	P0134	51.2548	1.0203	ENG	10.095833282917738	7.208333211640517	36.77721170063481	475.60227228963834	19.799999237060547	0.20000000298023224	19.599999234080315	7.733333388964335	6.316666774451733	16.133333047231037	4.733333453536034	648	71	39	20.961128203587773	207	131	144	167
PA1094_1	P0188	50.8996	4.1216	BNE	10.449999888737997	7.516666650772095	33.40740680576843	566.179378395726	21.100000381469727	-1.399999976158142	22.50000035762787	7.316666483879089	6.366666575272878	17.49999984105428	3.7166666189829507	785	77	51	12.539064413492401	222	167	201	190
PA1105_1	P0190	50.7892	5.3784	BNE	10.066666680077711	7.66666675110658	33.33333439153176	588.4236724718925	20.899999618530273	-2.0999999046325684	22.999999523162842	17.399999777475994	5.883333404858907	17.399999777475994	3.033333331346512	809	80	53	13.020514308558509	235	172	235	186
PA1109_1	P0190	50.7892	5.3784	BNE	10.066666680077711	7.66666675110658	33.33333439153176	588.4236724718925	20.899999618530273	-2.0999999046325684	22.999999523162842	17.399999777475994	5.883333404858907	17.399999777475994	3.033333331346512	809	80	53	13.020514308558509	235	172	235	186
PA1123_1	P0194	52.9923	-6.0754	IRE	10.01666667064031	6.266666690508525	37.979797026707516	383.99416400437536	18.600000381469727	2.0999999046325684	16.500000476837158	8.150000095367432	13.349999904632568	14.916666825612387	5.699999928474426	816	86	54	18.21710882605295	250	164	196	229
PA1124_1	P0194	52.9923	-6.0754	IRE	10.01666667064031	6.266666690508525	37.979797026707516	383.99416400437536	18.600000381469727	2.0999999046325684	16.500000476837158	8.150000095367432	13.349999904632568	14.916666825612387	5.699999928474426	816	86	54	18.21710882605295	250	164	196	229
PA1192_1	P0227	55.1657	-1.9606	ENG	8.137499994287888	7.39166667809089	39.52763095768397	422.26728183364264	17.299999237060547	-1.399999976158142	18.69999921321869	4.1166666348775225	9.366666793823242	13.583333333333334	3.3833333253860474	856	86	58	14.515630290472611	252	178	200	230
PA1193_1	P0227	55.1657	-1.9606	ENG	8.137499994287888	7.39166667809089	39.52763095768397	422.26728183364264	17.299999237060547	-1.399999976158142	18.69999921321869	4.1166666348775225	9.366666793823242	13.583333333333334	3.3833333253860474	856	86	58	14.515630290472611	252	178	200	230
PA1199_1	P0222	54.6623	-2.7566	ENG	8.375000032285849	7.633333380023639	39.75694310782414	432.22731579729594	17.700000762939453	-1.5	19.200000762939453	4.166666736205419	9.833333293596903	13.916666666666666	3.36666668454806	921	103	51	24.67385010237891	306	162	192	274
PA1207_1	P0228	55.4767	-2.5544	ENG	8.14166667095075	8.000000039115548	41.450777507154505	428.11867966491064	17.5	-1.7999999523162842	19.299999952316284	5.983333334326744	9.550000111262003	13.56666668256124	3.2166666835546494	811	82	51	15.323512015294074	237	165	199	210
PA1233_1	P0093	51.2502	4.8112	BNE	10.31250005463759	7.791666716337204	34.024744990250504	570.371190476834	21.100000381469727	-1.7999999523162842	22.90000033378601	7.100000023841858	6.200000027815501	17.416666666666668	3.5166667103767395	796	76	49	13.557489047157578	223	165	209	194
PA1234_1	P0093	51.2502	4.8112	BNE	10.31250005463759	7.791666716337204	34.024744990250504	570.371190476834	21.100000381469727	-1.7999999523162842	22.90000033378601	7.100000023841858	6.200000027815501	17.416666666666668	3.5166667103767395	796	76	49	13.557489047157578	223	165	209	194
PA1245_1	P0095	51.1678	3.7616	BNE	10.475000017633041	6.633333218594392	31.43759762402594	540.9272300693592	20.600000381469727	-0.5	21.100000381469727	7.700000007947286	6.400000189741452	17.1833332379659	4.0500000069538755	776	80	47	17.023834435496134	233	154	199	186
PA1251_1	P0096	50.9363	3.6258	BNE	10.499999955296516	7.383333375056584	33.109118344593014	561.5522307408717	21	-1.2999999523162842	22.299999952316284	7.383333146572113	6.4666666984558105	17.46666669845581	3.7833333611488342	789	82	48	16.124256884191844	234	160	201	189
PA1252_1	P0096	50.9363	3.6258	BNE	10.499999955296516	7.383333375056584	33.109118344593014	561.5522307408717	21	-1.2999999523162842	22.299999952316284	7.383333146572113	6.4666666984558105	17.46666669845581	3.7833333611488342	789	82	48	16.124256884191844	234	160	201	189
PA1263_1	P0189	50.8887	4.6025	BNE	10.44166668256124	7.550000031789144	33.407079222793136	573.3348710383815	21.100000381469727	-1.5	22.600000381469727	7.23333336909612	6.316666821638743	17.616666793823242	3.6000000635782876	774	73	50	11.690745727266876	213	165	206	187
PA1270_1	P0195	52.6744	-6.2973	IRE	9.970833167433739	6.608333220084508	40.29471657257188	370.1440534466192	18.299999237060547	1.899999976158142	16.399999260902405	6.4833332896232605	13.149999698003134	14.733332951863607	5.849999845027924	962	105	57	21.855893696325417	303	180	219	290
PA1272_1	P0195	52.6744	-6.2973	IRE	9.970833167433739	6.608333220084508	40.29471657257188	370.1440534466192	18.299999237060547	1.899999976158142	16.399999260902405	6.4833332896232605	13.149999698003134	14.733332951863607	5.849999845027924	962	105	57	21.855893696325417	303	180	219	290
PA1284_1	P0197	52.2664	-7.1007	IRE	10.225000048677126	6.716666728258133	39.980157224415045	375.83544247984236	18.700000762939453	1.899999976158142	16.80000078678131	6.733333329359691	13.600000222524008	15.066666920979818	6.033333281675975	921	104	53	23.968957862808107	299	171	181	288
PA1284b_1	P0197	52.2664	-7.1007	IRE	10.225000048677126	6.716666728258133	39.980157224415045	375.83544247984236	18.700000762939453	1.899999976158142	16.80000078678131	6.733333329359691	13.600000222524008	15.066666920979818	6.033333281675975	921	104	53	23.968957862808107	299	171	181	288
PA1297_1	P0202	52.4479	-8.0636	IRE	9.949999958276749	7.449999829133351	41.85393341827821	384.4653933177306	18.799999237060547	1	17.799999237060547	6.300000031789144	13.516666571299234	14.949999968210856	5.699999928474426	1238	146	66	28.407015778756932	428	220	236	394
PA1312_1	P0203	52.6686	-8.5583	IRE	10.116666605075201	6.816666662693024	39.86354962477306	381.68486041888883	18.799999237060547	1.7000000476837158	17.09999918937683	6.416666547457377	11.199999888737997	14.999999841054281	5.816666642824809	1066	125	57	27.447541590878558	363	187	221	327
PA1317_1	P0204	52.8123	-8.4563	IRE	9.945833380023638	6.758333494265874	39.2926364856377	385.6662482131613	18.5	1.2999999523162842	17.200000047683716	7.999999920527141	11.116666793823242	14.950000286102295	5.6666666467984514	1122	128	62	25.502825128748555	371	201	245	330
PA1323_1	P0205	52.8941	-8.5529	IRE	9.95833328862985	7.016666501760483	39.86742514167652	387.1858394721182	18.799999237060547	1.2000000476837158	17.59999918937683	7.983333269755046	11.18333355585734	14.949999968210856	5.616666694482167	1198	132	68	23.744609832104672	387	217	263	348
PA1350_1	P0209	53.4796	-9.1319	IRE	9.92083344856898	7.191666881243388	41.33141891435383	377.4884578308529	18.5	1.100000023841858	17.399999976158142	8.033333460489908	11.150000095367432	14.766666730244955	5.566666841506958	1088	121	60	25.249231006433213	358	197	219	311
PA1353_1	P0210	53.3474	-8.9437	IRE	9.920833304524422	7.058333486318588	40.1041693830243	390.6140693750119	18.799999237060547	1.2000000476837158	17.59999918937683	7.866666714350383	11.266666730244955	14.933333237965902	5.433333297570546	1069	116	63	21.934946545164046	341	205	232	295
PA1354_1	P0210	53.3474	-8.9437	IRE	9.920833304524422	7.058333486318588	40.1041693830243	390.6140693750119	18.799999237060547	1.2000000476837158	17.59999918937683	7.866666714350383	11.266666730244955	14.933333237965902	5.433333297570546	1069	116	63	21.934946545164046	341	205	232	295
PA1371_1	P0213	53.4355	-9.3071	IRE	10.283333311478296	6.149999757607778	39.67741901164164	357.13718118733755	17.899999618530273	2.4000000953674316	15.499999523162842	8.866666714350382	11.183333079020182	14.78333314259847	6.3166667222976685	1119	125	62	25.36805661684634	368	202	226	285
PA1373_1	P0213	53.4355	-9.3071	IRE	10.283333311478296	6.149999757607778	39.67741901164164	357.13718118733755	17.899999618530273	2.4000000953674316	15.499999523162842	8.866666714350382	11.183333079020182	14.78333314259847	6.3166667222976685	1119	125	62	25.36805661684634	368	202	226	285
PA1407_1	P0235	54.2649	-8.3346	IRE	9.662499924500784	6.091666499773662	36.69678609050884	390.9145745440702	18	1.399999976158142	16.600000023841858	5.933333218097687	11.016666809717814	14.649999777475992	5.199999888737996	1333	143	74	24.092098009315475	428	232	278	386
PA1407_2	P0235	54.2649	-8.3346	IRE	9.662499924500784	6.091666499773662	36.69678609050884	390.9145745440702	18	1.399999976158142	16.600000023841858	5.933333218097687	11.016666809717814	14.649999777475992	5.199999888737996	1333	143	74	24.092098009315475	428	232	278	386
PA1422_1	P0267	55.7514	13.0414	SSD	8.083333315948645	6.1499999314546585	26.739130136759385	641.3491830763095	19	-4	23	8.833333412806192	2.900000035762787	16.166666348775227	0.6666667362054189	594	64	29	21.45237600558998	183	107	161	132
PA1424_1	P0267	55.7514	13.0414	SSD	8.083333315948645	6.1499999314546585	26.739130136759385	641.3491830763095	19	-4	23	8.833333412806192	2.900000035762787	16.166666348775227	0.6666667362054189	594	64	29	21.45237600558998	183	107	161	132
PA1440_1	P0269	55.6778	13.4202	SSD	7.675000001986821	7.249999940395355	29.47154458740492	631.734621284639	19.5	-5.099999904632568	24.59999990463257	8.350000063578287	2.5666667421658835	15.733333269755045	0.36666669448216754	681	71	37	21.729861279869255	209	124	184	160
PA1448_1	P0271	55.6942	14.1677	SSD	7.708333348234494	6.600000113248825	27.966101722739886	624.1133181145743	19.100000381469727	-4.5	23.600000381469727	8.366666754086813	2.666666547457377	15.733333428700766	0.5333332816759745	666	69	37	19.62926815293702	204	129	168	162
PA1449_1	P0271	55.6942	14.1677	SSD	7.708333348234494	6.600000113248825	27.966101722739886	624.1133181145743	19.100000381469727	-4.5	23.600000381469727	8.366666754086813	2.666666547457377	15.733333428700766	0.5333332816759745	666	69	37	19.62926815293702	204	129	168	162
PA1450_1	P0271	55.6942	14.1677	SSD	7.708333348234494	6.600000113248825	27.966101722739886	624.1133181145743	19.100000381469727	-4.5	23.600000381469727	8.366666754086813	2.666666547457377	15.733333428700766	0.5333332816759745	666	69	37	19.62926815293702	204	129	168	162
PA1455_1	P0272	55.5792	14.3329	SSD	8.083333358168602	6.283333331346512	27.55847958108517	618.7242514606767	19	-3.799999952316284	22.799999952316284	9.016666650772095	2.899999996026357	15.950000127156576	1.0166667302449544	599	64	34	19.89640605366053	186	115	153	141
PA1456_1	P0272	55.5792	14.3329	SSD	8.083333358168602	6.283333331346512	27.55847958108517	618.7242514606767	19	-3.799999952316284	22.799999952316284	9.016666650772095	2.899999996026357	15.950000127156576	1.0166667302449544	599	64	34	19.89640605366053	186	115	153	141
PA1457_1	P0272	55.5792	14.3329	SSD	8.083333358168602	6.283333331346512	27.55847958108517	618.7242514606767	19	-3.799999952316284	22.799999952316284	9.016666650772095	2.899999996026357	15.950000127156576	1.0166667302449544	599	64	34	19.89640605366053	186	115	153	141
PA1463_1	P0273	56.0558	14.3032	SSD	7.470833299060662	7.391666576266289	29.805106933135317	636.8332784775026	19.5	-5.300000190734863	24.800000190734863	14.833333174387613	2.466666668653488	15.633333206176758	0.09999994436899821	567	60	31	20.91528640659323	172	102	165	122
PA1464_1	P0273	56.0558	14.3032	SSD	7.470833299060662	7.391666576266289	29.805106933135317	636.8332784775026	19.5	-5.300000190734863	24.800000190734863	14.833333174387613	2.466666668653488	15.633333206176758	0.09999994436899821	567	60	31	20.91528640659323	172	102	165	122
PA1469_1	P0274	56.0897	14.0485	SSD	7.5083333278695745	7.866666669646899	30.729167365158617	646.9573302180005	19.899999618530273	-5.699999809265137	25.59999942779541	7.99999996026357	2.483333339293798	15.783333460489908	-0.049999892711639404	670	66	39	18.344487780964826	195	126	189	155
PA1477_1	P0275	56.3155	16.0376	SSD	7.479166607062022	7.041666666666667	29.711673938131597	637.0651973385571	19	-4.699999809265137	23.699999809265137	4.466666758060455	5.633333305517833	15.699999650319418	0.3500000635782878	579	61	35	17.893278284098333	171	111	154	144
PA1492	P0277	56.959	16.4053	SSD	6.9083334145446615	8.01666678239902	30.251571675085092	676.4709066902983	19.700000762939453	-6.800000190734863	26.500000953674316	14.733333428700766	1.466666728258133	15.633333524068197	-0.9166667064030966	556	60	35	18.447234086396662	170	108	162	125
PA1504_1	P0279	57.651	14.8044	SSD	5.341666581730048	7.483333234985669	28.132832315650475	679.0261419698664	18.299999237060547	-8.300000190734863	26.59999942779541	12.949999729792276	0.0666666030883789	14.033332904179892	-2.566666752099991	694	77	37	21.81319838994598	213	123	204	153
PA1505_1	P0279	57.651	14.8044	SSD	5.341666581730048	7.483333234985669	28.132832315650475	679.0261419698664	18.299999237060547	-8.300000190734863	26.59999942779541	12.949999729792276	0.0666666030883789	14.033332904179892	-2.566666752099991	694	77	37	21.81319838994598	213	123	204	153
PA1623_1	P0249	57.6627	-2.3748	SCO	7.979166620410979	6.408333076164126	38.60441786801479	385.3832646554148	16.299999237060547	-0.30000001192092896	16.599999248981476	8.583333412806192	6.783333381017049	12.933333079020182	3.616666608800491	747	77	49	16.167365198541127	225	154	178	190
PA1625_1	P0249	57.6627	-2.3748	SCO	7.979166620410979	6.408333076164126	38.60441786801479	385.3832646554148	16.299999237060547	-0.30000001192092896	16.599999248981476	8.583333412806192	6.783333381017049	12.933333079020182	3.616666608800491	747	77	49	16.167365198541127	225	154	178	190
PA1629_1	P0250	57.634	-3.5668	SCO	8.516666655739149	6.916666736205419	39.52381077935909	400.52427029697463	17.399999618530273	-0.10000000149011612	17.49999962002039	9.083333333333334	9.700000127156576	13.649999936421713	3.949999988079071	652	66	38	17.08126129970822	194	130	160	164
PA1642_1	P0252	57.5949	-4.4213	SCO	8.437500022972623	6.441666636615992	37.67056428604791	404.3520387430266	17.100000381469727	0	17.100000381469727	4.283333361148834	9.833333373069763	13.500000158945719	3.666666679084301	1416	159	76	27.06684135940955	466	236	274	416
PA1645_1	P0252	57.5949	-4.4213	SCO	8.437500022972623	6.441666636615992	37.67056428604791	404.3520387430266	17.100000381469727	0	17.100000381469727	4.283333361148834	9.833333373069763	13.500000158945719	3.666666679084301	1416	159	76	27.06684135940955	466	236	274	416
PA1713_1	P0361	56.4287	-5.2362	SCO	8.991666649778685	5.183333287636439	32.59958047426909	403.2585056212049	17.5	1.600000023841858	15.899999976158142	6.766666611035665	10.43333355585734	14.083333174387613	4.333333313465118	1378	156	65	29.921390815544857	460	214	269	408
PA1715_1	P0361	56.4287	-5.2362	SCO	8.991666649778685	5.183333287636439	32.59958047426909	403.2585056212049	17.5	1.600000023841858	15.899999976158142	6.766666611035665	10.43333355585734	14.083333174387613	4.333333313465118	1378	156	65	29.921390815544857	460	214	269	408
PA1719_1	P0362	55.9195	-4.3345	SCO	8.745833363073567	7.325000194832683	40.24725292146101	405.66139310335575	17.600000381469727	-0.6000000238418579	18.200000405311584	4.75000015894572	10.050000111262003	13.933333237965902	4.116666817416747	1269	151	64	30.538498009748086	428	199	229	392
PA1736a_1	P0412	56.0444	-4.3727	SCO	8.754166654932002	6.575000023469329	37.571429521332	409.45894139421625	17.399999618530273	-0.10000000149011612	17.49999962002039	4.6500000196198625	10.133333444595337	13.966666539510092	4.033333330104749	1424	173	71	31.052050880940484	483	223	255	445
PA1736b_1	P0412	56.0444	-4.3727	SCO	8.754166654932002	6.575000023469329	37.571429521332	409.45894139421625	17.399999618530273	-0.10000000149011612	17.49999962002039	4.6500000196198625	10.133333444595337	13.966666539510092	4.033333330104749	1424	173	71	31.052050880940484	483	223	255	445
PA1749_1	P0319	42.67566	-2.40631	ESP	11.22916666045785	10.658333155016104	40.99359018548119	557.1659533639082	23.799999237060547	-2.200000047683716	25.999999284744263	12.683333237965902	18.3166667620341	18.3166667620341	4.766666725277901	674	75	37	23.526154774841043	201	115	115	180
PA1751_1	P0319	42.67566	-2.40631	ESP	11.22916666045785	10.658333155016104	40.99359018548119	557.1659533639082	23.799999237060547	-2.200000047683716	25.999999284744263	12.683333237965902	18.3166667620341	18.3166667620341	4.766666725277901	674	75	37	23.526154774841043	201	115	115	180
PA2001_1	Rue	48.5654	9.1581	GER	9.016666675607363	8.599999775489172	32.699618681063114	660.0872317160203	21.600000381469727	-4.699999809265137	26.300000190734863	15.68333355585734	2.2500000397364297	17.28333346048991	1.0166667699813843	735	96	39	28.010036162611694	257	126	245	133
PA2002_1	Rue	48.5654	9.1581	GER	9.016666675607363	8.599999775489172	32.699618681063114	660.0872317160203	21.600000381469727	-4.699999809265137	26.300000190734863	15.68333355585734	2.2500000397364297	17.28333346048991	1.0166667699813843	735	96	39	28.010036162611694	257	126	245	133
WaCo9	Waginengen	51.96	5.69	BNE	9.624999977648258	8.033333187301954	35.545723342671785	556.2720852684049	20.299999237060547	-2.299999952316284	22.59999918937683	4.049999992052714	5.550000061591466	16.56666660308838	3	811	80	48	14.771207896460007	230	170	204	204
